Keywords,Date and Time,Source,Event ID,Task Category
Audit Success,04/01/2025 12:34:32,Microsoft-Windows-Security-Auditing,4798,User Account Management,"A user's local group membership was enumerated.

Subject:
	Security ID:		DESKTOP-Q6SIUBL\xxx
	Account Name:		xxx
	Account Domain:		DESKTOP-Q6SIUBL
	Logon ID:		0x903262

User:
	Security ID:		DESKTOP-Q6SIUBL\xxx
	Account Name:		xxx
	Account Domain:		DESKTOP-Q6SIUBL

Process Information:
	Process ID:		0x1d34
	Process Name:		C:\Windows\System32\mmc.exe"
Audit Success,04/01/2025 12:27:55,Microsoft-Windows-Security-Auditing,4672,Special Logon,"Special privileges assigned to new logon.

Subject:
	Security ID:		SYSTEM
	Account Name:		SYSTEM
	Account Domain:		NT AUTHORITY
	Logon ID:		0x3E7

Privileges:		SeAssignPrimaryTokenPrivilege
			SeTcbPrivilege
			SeSecurityPrivilege
			SeTakeOwnershipPrivilege
			SeLoadDriverPrivilege
			SeBackupPrivilege
			SeRestorePrivilege
			SeDebugPrivilege
			SeAuditPrivilege
			SeSystemEnvironmentPrivilege
			SeImpersonatePrivilege
			SeDelegateSessionUserImpersonatePrivilege"
Audit Success,04/01/2025 12:27:55,Microsoft-Windows-Security-Auditing,4624,Logon,"An account was successfully logged on.

Subject:
	Security ID:		SYSTEM
	Account Name:		DESKTOP-Q6SIUBL$
	Account Domain:		WORKGROUP
	Logon ID:		0x3E7

Logon Information:
	Logon Type:		5
	Restricted Admin Mode:	-
	Virtual Account:		No
	Elevated Token:		Yes

Impersonation Level:		Impersonation

New Logon:
	Security ID:		SYSTEM
	Account Name:		SYSTEM
	Account Domain:		NT AUTHORITY
	Logon ID:		0x3E7
	Linked Logon ID:		0x0
	Network Account Name:	-
	Network Account Domain:	-
	Logon GUID:		{00000000-0000-0000-0000-000000000000}

Process Information:
	Process ID:		0x2e8
	Process Name:		C:\Windows\System32\services.exe

Network Information:
	Workstation Name:	-
	Source Network Address:	-
	Source Port:		-

Detailed Authentication Information:
	Logon Process:		Advapi  
	Authentication Package:	Negotiate
	Transited Services:	-
	Package Name (NTLM only):	-
	Key Length:		0

This event is generated when a logon session is created. It is generated on the computer that was accessed.

The subject fields indicate the account on the local system which requested the logon. This is most commonly a service such as the Server service, or a local process such as Winlogon.exe or Services.exe.

The logon type field indicates the kind of logon that occurred. The most common types are 2 (interactive) and 3 (network).

The New Logon fields indicate the account for whom the new logon was created, i.e. the account that was logged on.

The network fields indicate where a remote logon request originated. Workstation name is not always available and may be left blank in some cases.

The impersonation level field indicates the extent to which a process in the logon session can impersonate.

The authentication information fields provide detailed information about this specific logon request.
	- Logon GUID is a unique identifier that can be used to correlate this event with a KDC event.
	- Transited services indicate which intermediate services have participated in this logon request.
	- Package name indicates which sub-protocol was used among the NTLM protocols.
	- Key length indicates the length of the generated session key. This will be 0 if no session key was requested."
Audit Success,04/01/2025 12:18:59,Microsoft-Windows-Security-Auditing,4672,Special Logon,"Special privileges assigned to new logon.

Subject:
	Security ID:		SYSTEM
	Account Name:		SYSTEM
	Account Domain:		NT AUTHORITY
	Logon ID:		0x3E7

Privileges:		SeAssignPrimaryTokenPrivilege
			SeTcbPrivilege
			SeSecurityPrivilege
			SeTakeOwnershipPrivilege
			SeLoadDriverPrivilege
			SeBackupPrivilege
			SeRestorePrivilege
			SeDebugPrivilege
			SeAuditPrivilege
			SeSystemEnvironmentPrivilege
			SeImpersonatePrivilege
			SeDelegateSessionUserImpersonatePrivilege"
Audit Success,04/01/2025 12:18:59,Microsoft-Windows-Security-Auditing,4624,Logon,"An account was successfully logged on.

Subject:
	Security ID:		SYSTEM
	Account Name:		DESKTOP-Q6SIUBL$
	Account Domain:		WORKGROUP
	Logon ID:		0x3E7

Logon Information:
	Logon Type:		5
	Restricted Admin Mode:	-
	Virtual Account:		No
	Elevated Token:		Yes

Impersonation Level:		Impersonation

New Logon:
	Security ID:		SYSTEM
	Account Name:		SYSTEM
	Account Domain:		NT AUTHORITY
	Logon ID:		0x3E7
	Linked Logon ID:		0x0
	Network Account Name:	-
	Network Account Domain:	-
	Logon GUID:		{00000000-0000-0000-0000-000000000000}

Process Information:
	Process ID:		0x2e8
	Process Name:		C:\Windows\System32\services.exe

Network Information:
	Workstation Name:	-
	Source Network Address:	-
	Source Port:		-

Detailed Authentication Information:
	Logon Process:		Advapi  
	Authentication Package:	Negotiate
	Transited Services:	-
	Package Name (NTLM only):	-
	Key Length:		0

This event is generated when a logon session is created. It is generated on the computer that was accessed.

The subject fields indicate the account on the local system which requested the logon. This is most commonly a service such as the Server service, or a local process such as Winlogon.exe or Services.exe.

The logon type field indicates the kind of logon that occurred. The most common types are 2 (interactive) and 3 (network).

The New Logon fields indicate the account for whom the new logon was created, i.e. the account that was logged on.

The network fields indicate where a remote logon request originated. Workstation name is not always available and may be left blank in some cases.

The impersonation level field indicates the extent to which a process in the logon session can impersonate.

The authentication information fields provide detailed information about this specific logon request.
	- Logon GUID is a unique identifier that can be used to correlate this event with a KDC event.
	- Transited services indicate which intermediate services have participated in this logon request.
	- Package name indicates which sub-protocol was used among the NTLM protocols.
	- Key length indicates the length of the generated session key. This will be 0 if no session key was requested."
Audit Success,04/01/2025 12:18:58,Microsoft-Windows-Security-Auditing,4672,Special Logon,"Special privileges assigned to new logon.

Subject:
	Security ID:		SYSTEM
	Account Name:		SYSTEM
	Account Domain:		NT AUTHORITY
	Logon ID:		0x3E7

Privileges:		SeAssignPrimaryTokenPrivilege
			SeTcbPrivilege
			SeSecurityPrivilege
			SeTakeOwnershipPrivilege
			SeLoadDriverPrivilege
			SeBackupPrivilege
			SeRestorePrivilege
			SeDebugPrivilege
			SeAuditPrivilege
			SeSystemEnvironmentPrivilege
			SeImpersonatePrivilege
			SeDelegateSessionUserImpersonatePrivilege"
Audit Success,04/01/2025 12:18:58,Microsoft-Windows-Security-Auditing,4624,Logon,"An account was successfully logged on.

Subject:
	Security ID:		SYSTEM
	Account Name:		DESKTOP-Q6SIUBL$
	Account Domain:		WORKGROUP
	Logon ID:		0x3E7

Logon Information:
	Logon Type:		5
	Restricted Admin Mode:	-
	Virtual Account:		No
	Elevated Token:		Yes

Impersonation Level:		Impersonation

New Logon:
	Security ID:		SYSTEM
	Account Name:		SYSTEM
	Account Domain:		NT AUTHORITY
	Logon ID:		0x3E7
	Linked Logon ID:		0x0
	Network Account Name:	-
	Network Account Domain:	-
	Logon GUID:		{00000000-0000-0000-0000-000000000000}

Process Information:
	Process ID:		0x2e8
	Process Name:		C:\Windows\System32\services.exe

Network Information:
	Workstation Name:	-
	Source Network Address:	-
	Source Port:		-

Detailed Authentication Information:
	Logon Process:		Advapi  
	Authentication Package:	Negotiate
	Transited Services:	-
	Package Name (NTLM only):	-
	Key Length:		0

This event is generated when a logon session is created. It is generated on the computer that was accessed.

The subject fields indicate the account on the local system which requested the logon. This is most commonly a service such as the Server service, or a local process such as Winlogon.exe or Services.exe.

The logon type field indicates the kind of logon that occurred. The most common types are 2 (interactive) and 3 (network).

The New Logon fields indicate the account for whom the new logon was created, i.e. the account that was logged on.

The network fields indicate where a remote logon request originated. Workstation name is not always available and may be left blank in some cases.

The impersonation level field indicates the extent to which a process in the logon session can impersonate.

The authentication information fields provide detailed information about this specific logon request.
	- Logon GUID is a unique identifier that can be used to correlate this event with a KDC event.
	- Transited services indicate which intermediate services have participated in this logon request.
	- Package name indicates which sub-protocol was used among the NTLM protocols.
	- Key length indicates the length of the generated session key. This will be 0 if no session key was requested."
Audit Success,04/01/2025 12:08:12,Microsoft-Windows-Security-Auditing,4672,Special Logon,"Special privileges assigned to new logon.

Subject:
	Security ID:		SYSTEM
	Account Name:		SYSTEM
	Account Domain:		NT AUTHORITY
	Logon ID:		0x3E7

Privileges:		SeAssignPrimaryTokenPrivilege
			SeTcbPrivilege
			SeSecurityPrivilege
			SeTakeOwnershipPrivilege
			SeLoadDriverPrivilege
			SeBackupPrivilege
			SeRestorePrivilege
			SeDebugPrivilege
			SeAuditPrivilege
			SeSystemEnvironmentPrivilege
			SeImpersonatePrivilege
			SeDelegateSessionUserImpersonatePrivilege"
Audit Success,04/01/2025 12:08:12,Microsoft-Windows-Security-Auditing,4624,Logon,"An account was successfully logged on.

Subject:
	Security ID:		SYSTEM
	Account Name:		DESKTOP-Q6SIUBL$
	Account Domain:		WORKGROUP
	Logon ID:		0x3E7

Logon Information:
	Logon Type:		5
	Restricted Admin Mode:	-
	Virtual Account:		No
	Elevated Token:		Yes

Impersonation Level:		Impersonation

New Logon:
	Security ID:		SYSTEM
	Account Name:		SYSTEM
	Account Domain:		NT AUTHORITY
	Logon ID:		0x3E7
	Linked Logon ID:		0x0
	Network Account Name:	-
	Network Account Domain:	-
	Logon GUID:		{00000000-0000-0000-0000-000000000000}

Process Information:
	Process ID:		0x2e8
	Process Name:		C:\Windows\System32\services.exe

Network Information:
	Workstation Name:	-
	Source Network Address:	-
	Source Port:		-

Detailed Authentication Information:
	Logon Process:		Advapi  
	Authentication Package:	Negotiate
	Transited Services:	-
	Package Name (NTLM only):	-
	Key Length:		0

This event is generated when a logon session is created. It is generated on the computer that was accessed.

The subject fields indicate the account on the local system which requested the logon. This is most commonly a service such as the Server service, or a local process such as Winlogon.exe or Services.exe.

The logon type field indicates the kind of logon that occurred. The most common types are 2 (interactive) and 3 (network).

The New Logon fields indicate the account for whom the new logon was created, i.e. the account that was logged on.

The network fields indicate where a remote logon request originated. Workstation name is not always available and may be left blank in some cases.

The impersonation level field indicates the extent to which a process in the logon session can impersonate.

The authentication information fields provide detailed information about this specific logon request.
	- Logon GUID is a unique identifier that can be used to correlate this event with a KDC event.
	- Transited services indicate which intermediate services have participated in this logon request.
	- Package name indicates which sub-protocol was used among the NTLM protocols.
	- Key length indicates the length of the generated session key. This will be 0 if no session key was requested."
Audit Success,04/01/2025 12:08:12,Microsoft-Windows-Security-Auditing,4672,Special Logon,"Special privileges assigned to new logon.

Subject:
	Security ID:		SYSTEM
	Account Name:		SYSTEM
	Account Domain:		NT AUTHORITY
	Logon ID:		0x3E7

Privileges:		SeAssignPrimaryTokenPrivilege
			SeTcbPrivilege
			SeSecurityPrivilege
			SeTakeOwnershipPrivilege
			SeLoadDriverPrivilege
			SeBackupPrivilege
			SeRestorePrivilege
			SeDebugPrivilege
			SeAuditPrivilege
			SeSystemEnvironmentPrivilege
			SeImpersonatePrivilege
			SeDelegateSessionUserImpersonatePrivilege"
Audit Success,04/01/2025 12:08:12,Microsoft-Windows-Security-Auditing,4624,Logon,"An account was successfully logged on.

Subject:
	Security ID:		SYSTEM
	Account Name:		DESKTOP-Q6SIUBL$
	Account Domain:		WORKGROUP
	Logon ID:		0x3E7

Logon Information:
	Logon Type:		5
	Restricted Admin Mode:	-
	Virtual Account:		No
	Elevated Token:		Yes

Impersonation Level:		Impersonation

New Logon:
	Security ID:		SYSTEM
	Account Name:		SYSTEM
	Account Domain:		NT AUTHORITY
	Logon ID:		0x3E7
	Linked Logon ID:		0x0
	Network Account Name:	-
	Network Account Domain:	-
	Logon GUID:		{00000000-0000-0000-0000-000000000000}

Process Information:
	Process ID:		0x2e8
	Process Name:		C:\Windows\System32\services.exe

Network Information:
	Workstation Name:	-
	Source Network Address:	-
	Source Port:		-

Detailed Authentication Information:
	Logon Process:		Advapi  
	Authentication Package:	Negotiate
	Transited Services:	-
	Package Name (NTLM only):	-
	Key Length:		0

This event is generated when a logon session is created. It is generated on the computer that was accessed.

The subject fields indicate the account on the local system which requested the logon. This is most commonly a service such as the Server service, or a local process such as Winlogon.exe or Services.exe.

The logon type field indicates the kind of logon that occurred. The most common types are 2 (interactive) and 3 (network).

The New Logon fields indicate the account for whom the new logon was created, i.e. the account that was logged on.

The network fields indicate where a remote logon request originated. Workstation name is not always available and may be left blank in some cases.

The impersonation level field indicates the extent to which a process in the logon session can impersonate.

The authentication information fields provide detailed information about this specific logon request.
	- Logon GUID is a unique identifier that can be used to correlate this event with a KDC event.
	- Transited services indicate which intermediate services have participated in this logon request.
	- Package name indicates which sub-protocol was used among the NTLM protocols.
	- Key length indicates the length of the generated session key. This will be 0 if no session key was requested."
Audit Success,04/01/2025 12:03:31,Microsoft-Windows-Security-Auditing,4672,Special Logon,"Special privileges assigned to new logon.

Subject:
	Security ID:		SYSTEM
	Account Name:		SYSTEM
	Account Domain:		NT AUTHORITY
	Logon ID:		0x3E7

Privileges:		SeAssignPrimaryTokenPrivilege
			SeTcbPrivilege
			SeSecurityPrivilege
			SeTakeOwnershipPrivilege
			SeLoadDriverPrivilege
			SeBackupPrivilege
			SeRestorePrivilege
			SeDebugPrivilege
			SeAuditPrivilege
			SeSystemEnvironmentPrivilege
			SeImpersonatePrivilege
			SeDelegateSessionUserImpersonatePrivilege"
Audit Success,04/01/2025 12:03:31,Microsoft-Windows-Security-Auditing,4624,Logon,"An account was successfully logged on.

Subject:
	Security ID:		SYSTEM
	Account Name:		DESKTOP-Q6SIUBL$
	Account Domain:		WORKGROUP
	Logon ID:		0x3E7

Logon Information:
	Logon Type:		5
	Restricted Admin Mode:	-
	Virtual Account:		No
	Elevated Token:		Yes

Impersonation Level:		Impersonation

New Logon:
	Security ID:		SYSTEM
	Account Name:		SYSTEM
	Account Domain:		NT AUTHORITY
	Logon ID:		0x3E7
	Linked Logon ID:		0x0
	Network Account Name:	-
	Network Account Domain:	-
	Logon GUID:		{00000000-0000-0000-0000-000000000000}

Process Information:
	Process ID:		0x2e8
	Process Name:		C:\Windows\System32\services.exe

Network Information:
	Workstation Name:	-
	Source Network Address:	-
	Source Port:		-

Detailed Authentication Information:
	Logon Process:		Advapi  
	Authentication Package:	Negotiate
	Transited Services:	-
	Package Name (NTLM only):	-
	Key Length:		0

This event is generated when a logon session is created. It is generated on the computer that was accessed.

The subject fields indicate the account on the local system which requested the logon. This is most commonly a service such as the Server service, or a local process such as Winlogon.exe or Services.exe.

The logon type field indicates the kind of logon that occurred. The most common types are 2 (interactive) and 3 (network).

The New Logon fields indicate the account for whom the new logon was created, i.e. the account that was logged on.

The network fields indicate where a remote logon request originated. Workstation name is not always available and may be left blank in some cases.

The impersonation level field indicates the extent to which a process in the logon session can impersonate.

The authentication information fields provide detailed information about this specific logon request.
	- Logon GUID is a unique identifier that can be used to correlate this event with a KDC event.
	- Transited services indicate which intermediate services have participated in this logon request.
	- Package name indicates which sub-protocol was used among the NTLM protocols.
	- Key length indicates the length of the generated session key. This will be 0 if no session key was requested."
Audit Success,04/01/2025 12:03:25,Microsoft-Windows-Security-Auditing,4798,User Account Management,"A user's local group membership was enumerated.

Subject:
	Security ID:		DESKTOP-Q6SIUBL\xxx
	Account Name:		xxx
	Account Domain:		DESKTOP-Q6SIUBL
	Logon ID:		0x90328A

User:
	Security ID:		DESKTOP-Q6SIUBL\xxx
	Account Name:		xxx
	Account Domain:		DESKTOP-Q6SIUBL

Process Information:
	Process ID:		0x1830
	Process Name:		C:\Windows\explorer.exe"
Audit Success,04/01/2025 12:03:22,Microsoft-Windows-Security-Auditing,4672,Special Logon,"Special privileges assigned to new logon.

Subject:
	Security ID:		SYSTEM
	Account Name:		SYSTEM
	Account Domain:		NT AUTHORITY
	Logon ID:		0x3E7

Privileges:		SeAssignPrimaryTokenPrivilege
			SeTcbPrivilege
			SeSecurityPrivilege
			SeTakeOwnershipPrivilege
			SeLoadDriverPrivilege
			SeBackupPrivilege
			SeRestorePrivilege
			SeDebugPrivilege
			SeAuditPrivilege
			SeSystemEnvironmentPrivilege
			SeImpersonatePrivilege
			SeDelegateSessionUserImpersonatePrivilege"
Audit Success,04/01/2025 12:03:22,Microsoft-Windows-Security-Auditing,4624,Logon,"An account was successfully logged on.

Subject:
	Security ID:		SYSTEM
	Account Name:		DESKTOP-Q6SIUBL$
	Account Domain:		WORKGROUP
	Logon ID:		0x3E7

Logon Information:
	Logon Type:		5
	Restricted Admin Mode:	-
	Virtual Account:		No
	Elevated Token:		Yes

Impersonation Level:		Impersonation

New Logon:
	Security ID:		SYSTEM
	Account Name:		SYSTEM
	Account Domain:		NT AUTHORITY
	Logon ID:		0x3E7
	Linked Logon ID:		0x0
	Network Account Name:	-
	Network Account Domain:	-
	Logon GUID:		{00000000-0000-0000-0000-000000000000}

Process Information:
	Process ID:		0x2e8
	Process Name:		C:\Windows\System32\services.exe

Network Information:
	Workstation Name:	-
	Source Network Address:	-
	Source Port:		-

Detailed Authentication Information:
	Logon Process:		Advapi  
	Authentication Package:	Negotiate
	Transited Services:	-
	Package Name (NTLM only):	-
	Key Length:		0

This event is generated when a logon session is created. It is generated on the computer that was accessed.

The subject fields indicate the account on the local system which requested the logon. This is most commonly a service such as the Server service, or a local process such as Winlogon.exe or Services.exe.

The logon type field indicates the kind of logon that occurred. The most common types are 2 (interactive) and 3 (network).

The New Logon fields indicate the account for whom the new logon was created, i.e. the account that was logged on.

The network fields indicate where a remote logon request originated. Workstation name is not always available and may be left blank in some cases.

The impersonation level field indicates the extent to which a process in the logon session can impersonate.

The authentication information fields provide detailed information about this specific logon request.
	- Logon GUID is a unique identifier that can be used to correlate this event with a KDC event.
	- Transited services indicate which intermediate services have participated in this logon request.
	- Package name indicates which sub-protocol was used among the NTLM protocols.
	- Key length indicates the length of the generated session key. This will be 0 if no session key was requested."
Audit Success,04/01/2025 12:03:17,Microsoft-Windows-Security-Auditing,4672,Special Logon,"Special privileges assigned to new logon.

Subject:
	Security ID:		SYSTEM
	Account Name:		SYSTEM
	Account Domain:		NT AUTHORITY
	Logon ID:		0x3E7

Privileges:		SeAssignPrimaryTokenPrivilege
			SeTcbPrivilege
			SeSecurityPrivilege
			SeTakeOwnershipPrivilege
			SeLoadDriverPrivilege
			SeBackupPrivilege
			SeRestorePrivilege
			SeDebugPrivilege
			SeAuditPrivilege
			SeSystemEnvironmentPrivilege
			SeImpersonatePrivilege
			SeDelegateSessionUserImpersonatePrivilege"
Audit Success,04/01/2025 12:03:17,Microsoft-Windows-Security-Auditing,4624,Logon,"An account was successfully logged on.

Subject:
	Security ID:		SYSTEM
	Account Name:		DESKTOP-Q6SIUBL$
	Account Domain:		WORKGROUP
	Logon ID:		0x3E7

Logon Information:
	Logon Type:		5
	Restricted Admin Mode:	-
	Virtual Account:		No
	Elevated Token:		Yes

Impersonation Level:		Impersonation

New Logon:
	Security ID:		SYSTEM
	Account Name:		SYSTEM
	Account Domain:		NT AUTHORITY
	Logon ID:		0x3E7
	Linked Logon ID:		0x0
	Network Account Name:	-
	Network Account Domain:	-
	Logon GUID:		{00000000-0000-0000-0000-000000000000}

Process Information:
	Process ID:		0x2e8
	Process Name:		C:\Windows\System32\services.exe

Network Information:
	Workstation Name:	-
	Source Network Address:	-
	Source Port:		-

Detailed Authentication Information:
	Logon Process:		Advapi  
	Authentication Package:	Negotiate
	Transited Services:	-
	Package Name (NTLM only):	-
	Key Length:		0

This event is generated when a logon session is created. It is generated on the computer that was accessed.

The subject fields indicate the account on the local system which requested the logon. This is most commonly a service such as the Server service, or a local process such as Winlogon.exe or Services.exe.

The logon type field indicates the kind of logon that occurred. The most common types are 2 (interactive) and 3 (network).

The New Logon fields indicate the account for whom the new logon was created, i.e. the account that was logged on.

The network fields indicate where a remote logon request originated. Workstation name is not always available and may be left blank in some cases.

The impersonation level field indicates the extent to which a process in the logon session can impersonate.

The authentication information fields provide detailed information about this specific logon request.
	- Logon GUID is a unique identifier that can be used to correlate this event with a KDC event.
	- Transited services indicate which intermediate services have participated in this logon request.
	- Package name indicates which sub-protocol was used among the NTLM protocols.
	- Key length indicates the length of the generated session key. This will be 0 if no session key was requested."
Audit Success,04/01/2025 11:58:03,Microsoft-Windows-Security-Auditing,4672,Special Logon,"Special privileges assigned to new logon.

Subject:
	Security ID:		SYSTEM
	Account Name:		SYSTEM
	Account Domain:		NT AUTHORITY
	Logon ID:		0x3E7

Privileges:		SeAssignPrimaryTokenPrivilege
			SeTcbPrivilege
			SeSecurityPrivilege
			SeTakeOwnershipPrivilege
			SeLoadDriverPrivilege
			SeBackupPrivilege
			SeRestorePrivilege
			SeDebugPrivilege
			SeAuditPrivilege
			SeSystemEnvironmentPrivilege
			SeImpersonatePrivilege
			SeDelegateSessionUserImpersonatePrivilege"
Audit Success,04/01/2025 11:58:03,Microsoft-Windows-Security-Auditing,4624,Logon,"An account was successfully logged on.

Subject:
	Security ID:		SYSTEM
	Account Name:		DESKTOP-Q6SIUBL$
	Account Domain:		WORKGROUP
	Logon ID:		0x3E7

Logon Information:
	Logon Type:		5
	Restricted Admin Mode:	-
	Virtual Account:		No
	Elevated Token:		Yes

Impersonation Level:		Impersonation

New Logon:
	Security ID:		SYSTEM
	Account Name:		SYSTEM
	Account Domain:		NT AUTHORITY
	Logon ID:		0x3E7
	Linked Logon ID:		0x0
	Network Account Name:	-
	Network Account Domain:	-
	Logon GUID:		{00000000-0000-0000-0000-000000000000}

Process Information:
	Process ID:		0x2e8
	Process Name:		C:\Windows\System32\services.exe

Network Information:
	Workstation Name:	-
	Source Network Address:	-
	Source Port:		-

Detailed Authentication Information:
	Logon Process:		Advapi  
	Authentication Package:	Negotiate
	Transited Services:	-
	Package Name (NTLM only):	-
	Key Length:		0

This event is generated when a logon session is created. It is generated on the computer that was accessed.

The subject fields indicate the account on the local system which requested the logon. This is most commonly a service such as the Server service, or a local process such as Winlogon.exe or Services.exe.

The logon type field indicates the kind of logon that occurred. The most common types are 2 (interactive) and 3 (network).

The New Logon fields indicate the account for whom the new logon was created, i.e. the account that was logged on.

The network fields indicate where a remote logon request originated. Workstation name is not always available and may be left blank in some cases.

The impersonation level field indicates the extent to which a process in the logon session can impersonate.

The authentication information fields provide detailed information about this specific logon request.
	- Logon GUID is a unique identifier that can be used to correlate this event with a KDC event.
	- Transited services indicate which intermediate services have participated in this logon request.
	- Package name indicates which sub-protocol was used among the NTLM protocols.
	- Key length indicates the length of the generated session key. This will be 0 if no session key was requested."
Audit Success,04/01/2025 11:57:23,Microsoft-Windows-Security-Auditing,4672,Special Logon,"Special privileges assigned to new logon.

Subject:
	Security ID:		SYSTEM
	Account Name:		SYSTEM
	Account Domain:		NT AUTHORITY
	Logon ID:		0x3E7

Privileges:		SeAssignPrimaryTokenPrivilege
			SeTcbPrivilege
			SeSecurityPrivilege
			SeTakeOwnershipPrivilege
			SeLoadDriverPrivilege
			SeBackupPrivilege
			SeRestorePrivilege
			SeDebugPrivilege
			SeAuditPrivilege
			SeSystemEnvironmentPrivilege
			SeImpersonatePrivilege
			SeDelegateSessionUserImpersonatePrivilege"
Audit Success,04/01/2025 11:57:23,Microsoft-Windows-Security-Auditing,4624,Logon,"An account was successfully logged on.

Subject:
	Security ID:		SYSTEM
	Account Name:		DESKTOP-Q6SIUBL$
	Account Domain:		WORKGROUP
	Logon ID:		0x3E7

Logon Information:
	Logon Type:		5
	Restricted Admin Mode:	-
	Virtual Account:		No
	Elevated Token:		Yes

Impersonation Level:		Impersonation

New Logon:
	Security ID:		SYSTEM
	Account Name:		SYSTEM
	Account Domain:		NT AUTHORITY
	Logon ID:		0x3E7
	Linked Logon ID:		0x0
	Network Account Name:	-
	Network Account Domain:	-
	Logon GUID:		{00000000-0000-0000-0000-000000000000}

Process Information:
	Process ID:		0x2e8
	Process Name:		C:\Windows\System32\services.exe

Network Information:
	Workstation Name:	-
	Source Network Address:	-
	Source Port:		-

Detailed Authentication Information:
	Logon Process:		Advapi  
	Authentication Package:	Negotiate
	Transited Services:	-
	Package Name (NTLM only):	-
	Key Length:		0

This event is generated when a logon session is created. It is generated on the computer that was accessed.

The subject fields indicate the account on the local system which requested the logon. This is most commonly a service such as the Server service, or a local process such as Winlogon.exe or Services.exe.

The logon type field indicates the kind of logon that occurred. The most common types are 2 (interactive) and 3 (network).

The New Logon fields indicate the account for whom the new logon was created, i.e. the account that was logged on.

The network fields indicate where a remote logon request originated. Workstation name is not always available and may be left blank in some cases.

The impersonation level field indicates the extent to which a process in the logon session can impersonate.

The authentication information fields provide detailed information about this specific logon request.
	- Logon GUID is a unique identifier that can be used to correlate this event with a KDC event.
	- Transited services indicate which intermediate services have participated in this logon request.
	- Package name indicates which sub-protocol was used among the NTLM protocols.
	- Key length indicates the length of the generated session key. This will be 0 if no session key was requested."
Audit Success,04/01/2025 11:57:23,Microsoft-Windows-Security-Auditing,4672,Special Logon,"Special privileges assigned to new logon.

Subject:
	Security ID:		SYSTEM
	Account Name:		SYSTEM
	Account Domain:		NT AUTHORITY
	Logon ID:		0x3E7

Privileges:		SeAssignPrimaryTokenPrivilege
			SeTcbPrivilege
			SeSecurityPrivilege
			SeTakeOwnershipPrivilege
			SeLoadDriverPrivilege
			SeBackupPrivilege
			SeRestorePrivilege
			SeDebugPrivilege
			SeAuditPrivilege
			SeSystemEnvironmentPrivilege
			SeImpersonatePrivilege
			SeDelegateSessionUserImpersonatePrivilege"
Audit Success,04/01/2025 11:57:23,Microsoft-Windows-Security-Auditing,4624,Logon,"An account was successfully logged on.

Subject:
	Security ID:		SYSTEM
	Account Name:		DESKTOP-Q6SIUBL$
	Account Domain:		WORKGROUP
	Logon ID:		0x3E7

Logon Information:
	Logon Type:		5
	Restricted Admin Mode:	-
	Virtual Account:		No
	Elevated Token:		Yes

Impersonation Level:		Impersonation

New Logon:
	Security ID:		SYSTEM
	Account Name:		SYSTEM
	Account Domain:		NT AUTHORITY
	Logon ID:		0x3E7
	Linked Logon ID:		0x0
	Network Account Name:	-
	Network Account Domain:	-
	Logon GUID:		{00000000-0000-0000-0000-000000000000}

Process Information:
	Process ID:		0x2e8
	Process Name:		C:\Windows\System32\services.exe

Network Information:
	Workstation Name:	-
	Source Network Address:	-
	Source Port:		-

Detailed Authentication Information:
	Logon Process:		Advapi  
	Authentication Package:	Negotiate
	Transited Services:	-
	Package Name (NTLM only):	-
	Key Length:		0

This event is generated when a logon session is created. It is generated on the computer that was accessed.

The subject fields indicate the account on the local system which requested the logon. This is most commonly a service such as the Server service, or a local process such as Winlogon.exe or Services.exe.

The logon type field indicates the kind of logon that occurred. The most common types are 2 (interactive) and 3 (network).

The New Logon fields indicate the account for whom the new logon was created, i.e. the account that was logged on.

The network fields indicate where a remote logon request originated. Workstation name is not always available and may be left blank in some cases.

The impersonation level field indicates the extent to which a process in the logon session can impersonate.

The authentication information fields provide detailed information about this specific logon request.
	- Logon GUID is a unique identifier that can be used to correlate this event with a KDC event.
	- Transited services indicate which intermediate services have participated in this logon request.
	- Package name indicates which sub-protocol was used among the NTLM protocols.
	- Key length indicates the length of the generated session key. This will be 0 if no session key was requested."
Audit Success,04/01/2025 11:56:58,Microsoft-Windows-Security-Auditing,4672,Special Logon,"Special privileges assigned to new logon.

Subject:
	Security ID:		SYSTEM
	Account Name:		SYSTEM
	Account Domain:		NT AUTHORITY
	Logon ID:		0x3E7

Privileges:		SeAssignPrimaryTokenPrivilege
			SeTcbPrivilege
			SeSecurityPrivilege
			SeTakeOwnershipPrivilege
			SeLoadDriverPrivilege
			SeBackupPrivilege
			SeRestorePrivilege
			SeDebugPrivilege
			SeAuditPrivilege
			SeSystemEnvironmentPrivilege
			SeImpersonatePrivilege
			SeDelegateSessionUserImpersonatePrivilege"
Audit Success,04/01/2025 11:56:58,Microsoft-Windows-Security-Auditing,4624,Logon,"An account was successfully logged on.

Subject:
	Security ID:		SYSTEM
	Account Name:		DESKTOP-Q6SIUBL$
	Account Domain:		WORKGROUP
	Logon ID:		0x3E7

Logon Information:
	Logon Type:		5
	Restricted Admin Mode:	-
	Virtual Account:		No
	Elevated Token:		Yes

Impersonation Level:		Impersonation

New Logon:
	Security ID:		SYSTEM
	Account Name:		SYSTEM
	Account Domain:		NT AUTHORITY
	Logon ID:		0x3E7
	Linked Logon ID:		0x0
	Network Account Name:	-
	Network Account Domain:	-
	Logon GUID:		{00000000-0000-0000-0000-000000000000}

Process Information:
	Process ID:		0x2e8
	Process Name:		C:\Windows\System32\services.exe

Network Information:
	Workstation Name:	-
	Source Network Address:	-
	Source Port:		-

Detailed Authentication Information:
	Logon Process:		Advapi  
	Authentication Package:	Negotiate
	Transited Services:	-
	Package Name (NTLM only):	-
	Key Length:		0

This event is generated when a logon session is created. It is generated on the computer that was accessed.

The subject fields indicate the account on the local system which requested the logon. This is most commonly a service such as the Server service, or a local process such as Winlogon.exe or Services.exe.

The logon type field indicates the kind of logon that occurred. The most common types are 2 (interactive) and 3 (network).

The New Logon fields indicate the account for whom the new logon was created, i.e. the account that was logged on.

The network fields indicate where a remote logon request originated. Workstation name is not always available and may be left blank in some cases.

The impersonation level field indicates the extent to which a process in the logon session can impersonate.

The authentication information fields provide detailed information about this specific logon request.
	- Logon GUID is a unique identifier that can be used to correlate this event with a KDC event.
	- Transited services indicate which intermediate services have participated in this logon request.
	- Package name indicates which sub-protocol was used among the NTLM protocols.
	- Key length indicates the length of the generated session key. This will be 0 if no session key was requested."
Audit Success,04/01/2025 11:54:27,Microsoft-Windows-Security-Auditing,4797,User Account Management,"An attempt was made to query the existence of a blank password for an account.

Subject:
	Security ID:		DESKTOP-Q6SIUBL\xxx
	Account Name:		xxx
	Account Domain:		DESKTOP-Q6SIUBL
	Logon ID:		0x90328A

Additional Information:
	Caller Workstation:	DESKTOP-Q6SIUBL
	Target Account Name:	WDAGUtilityAccount
	Target Account Domain:	DESKTOP-Q6SIUBL"
Audit Success,04/01/2025 11:54:27,Microsoft-Windows-Security-Auditing,4797,User Account Management,"An attempt was made to query the existence of a blank password for an account.

Subject:
	Security ID:		DESKTOP-Q6SIUBL\xxx
	Account Name:		xxx
	Account Domain:		DESKTOP-Q6SIUBL
	Logon ID:		0x90328A

Additional Information:
	Caller Workstation:	DESKTOP-Q6SIUBL
	Target Account Name:	Guest
	Target Account Domain:	DESKTOP-Q6SIUBL"
Audit Success,04/01/2025 11:54:27,Microsoft-Windows-Security-Auditing,4797,User Account Management,"An attempt was made to query the existence of a blank password for an account.

Subject:
	Security ID:		DESKTOP-Q6SIUBL\xxx
	Account Name:		xxx
	Account Domain:		DESKTOP-Q6SIUBL
	Logon ID:		0x90328A

Additional Information:
	Caller Workstation:	DESKTOP-Q6SIUBL
	Target Account Name:	DefaultAccount
	Target Account Domain:	DESKTOP-Q6SIUBL"
Audit Success,04/01/2025 11:54:27,Microsoft-Windows-Security-Auditing,4797,User Account Management,"An attempt was made to query the existence of a blank password for an account.

Subject:
	Security ID:		DESKTOP-Q6SIUBL\xxx
	Account Name:		xxx
	Account Domain:		DESKTOP-Q6SIUBL
	Logon ID:		0x90328A

Additional Information:
	Caller Workstation:	DESKTOP-Q6SIUBL
	Target Account Name:	Administrator
	Target Account Domain:	DESKTOP-Q6SIUBL"
Audit Success,04/01/2025 11:47:28,Microsoft-Windows-Security-Auditing,4798,User Account Management,"A user's local group membership was enumerated.

Subject:
	Security ID:		DESKTOP-Q6SIUBL\xxx
	Account Name:		xxx
	Account Domain:		DESKTOP-Q6SIUBL
	Logon ID:		0x903262

User:
	Security ID:		DESKTOP-Q6SIUBL\xxx
	Account Name:		xxx
	Account Domain:		DESKTOP-Q6SIUBL

Process Information:
	Process ID:		0x1d34
	Process Name:		C:\Windows\System32\mmc.exe"
Audit Success,04/01/2025 11:47:28,Microsoft-Windows-Security-Auditing,4798,User Account Management,"A user's local group membership was enumerated.

Subject:
	Security ID:		DESKTOP-Q6SIUBL\xxx
	Account Name:		xxx
	Account Domain:		DESKTOP-Q6SIUBL
	Logon ID:		0x90328A

User:
	Security ID:		DESKTOP-Q6SIUBL\xxx
	Account Name:		xxx
	Account Domain:		DESKTOP-Q6SIUBL

Process Information:
	Process ID:		0x1830
	Process Name:		C:\Windows\explorer.exe"
Audit Success,04/01/2025 11:47:13,Microsoft-Windows-Security-Auditing,4798,User Account Management,"A user's local group membership was enumerated.

Subject:
	Security ID:		DESKTOP-Q6SIUBL\xxx
	Account Name:		xxx
	Account Domain:		DESKTOP-Q6SIUBL
	Logon ID:		0x903262

User:
	Security ID:		DESKTOP-Q6SIUBL\xxx
	Account Name:		xxx
	Account Domain:		DESKTOP-Q6SIUBL

Process Information:
	Process ID:		0x1d34
	Process Name:		C:\Windows\System32\mmc.exe"
Audit Success,04/01/2025 11:41:21,Microsoft-Windows-Security-Auditing,4798,User Account Management,"A user's local group membership was enumerated.

Subject:
	Security ID:		DESKTOP-Q6SIUBL\xxx
	Account Name:		xxx
	Account Domain:		DESKTOP-Q6SIUBL
	Logon ID:		0x90328A

User:
	Security ID:		DESKTOP-Q6SIUBL\xxx
	Account Name:		xxx
	Account Domain:		DESKTOP-Q6SIUBL

Process Information:
	Process ID:		0x1830
	Process Name:		C:\Windows\explorer.exe"
Audit Success,04/01/2025 11:41:21,Microsoft-Windows-Security-Auditing,4798,User Account Management,"A user's local group membership was enumerated.

Subject:
	Security ID:		DESKTOP-Q6SIUBL\xxx
	Account Name:		xxx
	Account Domain:		DESKTOP-Q6SIUBL
	Logon ID:		0x90328A

User:
	Security ID:		DESKTOP-Q6SIUBL\xxx
	Account Name:		xxx
	Account Domain:		DESKTOP-Q6SIUBL

Process Information:
	Process ID:		0x1830
	Process Name:		C:\Windows\explorer.exe"
Audit Success,04/01/2025 11:41:18,Microsoft-Windows-Security-Auditing,4672,Special Logon,"Special privileges assigned to new logon.

Subject:
	Security ID:		SYSTEM
	Account Name:		SYSTEM
	Account Domain:		NT AUTHORITY
	Logon ID:		0x3E7

Privileges:		SeAssignPrimaryTokenPrivilege
			SeTcbPrivilege
			SeSecurityPrivilege
			SeTakeOwnershipPrivilege
			SeLoadDriverPrivilege
			SeBackupPrivilege
			SeRestorePrivilege
			SeDebugPrivilege
			SeAuditPrivilege
			SeSystemEnvironmentPrivilege
			SeImpersonatePrivilege
			SeDelegateSessionUserImpersonatePrivilege"
Audit Success,04/01/2025 11:41:18,Microsoft-Windows-Security-Auditing,4624,Logon,"An account was successfully logged on.

Subject:
	Security ID:		SYSTEM
	Account Name:		DESKTOP-Q6SIUBL$
	Account Domain:		WORKGROUP
	Logon ID:		0x3E7

Logon Information:
	Logon Type:		5
	Restricted Admin Mode:	-
	Virtual Account:		No
	Elevated Token:		Yes

Impersonation Level:		Impersonation

New Logon:
	Security ID:		SYSTEM
	Account Name:		SYSTEM
	Account Domain:		NT AUTHORITY
	Logon ID:		0x3E7
	Linked Logon ID:		0x0
	Network Account Name:	-
	Network Account Domain:	-
	Logon GUID:		{00000000-0000-0000-0000-000000000000}

Process Information:
	Process ID:		0x2e8
	Process Name:		C:\Windows\System32\services.exe

Network Information:
	Workstation Name:	-
	Source Network Address:	-
	Source Port:		-

Detailed Authentication Information:
	Logon Process:		Advapi  
	Authentication Package:	Negotiate
	Transited Services:	-
	Package Name (NTLM only):	-
	Key Length:		0

This event is generated when a logon session is created. It is generated on the computer that was accessed.

The subject fields indicate the account on the local system which requested the logon. This is most commonly a service such as the Server service, or a local process such as Winlogon.exe or Services.exe.

The logon type field indicates the kind of logon that occurred. The most common types are 2 (interactive) and 3 (network).

The New Logon fields indicate the account for whom the new logon was created, i.e. the account that was logged on.

The network fields indicate where a remote logon request originated. Workstation name is not always available and may be left blank in some cases.

The impersonation level field indicates the extent to which a process in the logon session can impersonate.

The authentication information fields provide detailed information about this specific logon request.
	- Logon GUID is a unique identifier that can be used to correlate this event with a KDC event.
	- Transited services indicate which intermediate services have participated in this logon request.
	- Package name indicates which sub-protocol was used among the NTLM protocols.
	- Key length indicates the length of the generated session key. This will be 0 if no session key was requested."
Audit Success,04/01/2025 11:39:48,Microsoft-Windows-Security-Auditing,4798,User Account Management,"A user's local group membership was enumerated.

Subject:
	Security ID:		DESKTOP-Q6SIUBL\xxx
	Account Name:		xxx
	Account Domain:		DESKTOP-Q6SIUBL
	Logon ID:		0x90328A

User:
	Security ID:		DESKTOP-Q6SIUBL\xxx
	Account Name:		xxx
	Account Domain:		DESKTOP-Q6SIUBL

Process Information:
	Process ID:		0x1830
	Process Name:		C:\Windows\explorer.exe"
Audit Success,04/01/2025 11:39:41,Microsoft-Windows-Security-Auditing,4798,User Account Management,"A user's local group membership was enumerated.

Subject:
	Security ID:		DESKTOP-Q6SIUBL\xxx
	Account Name:		xxx
	Account Domain:		DESKTOP-Q6SIUBL
	Logon ID:		0x90328A

User:
	Security ID:		DESKTOP-Q6SIUBL\xxx
	Account Name:		xxx
	Account Domain:		DESKTOP-Q6SIUBL

Process Information:
	Process ID:		0x1830
	Process Name:		C:\Windows\explorer.exe"
Audit Success,04/01/2025 11:35:43,Microsoft-Windows-Security-Auditing,4672,Special Logon,"Special privileges assigned to new logon.

Subject:
	Security ID:		SYSTEM
	Account Name:		SYSTEM
	Account Domain:		NT AUTHORITY
	Logon ID:		0x3E7

Privileges:		SeAssignPrimaryTokenPrivilege
			SeTcbPrivilege
			SeSecurityPrivilege
			SeTakeOwnershipPrivilege
			SeLoadDriverPrivilege
			SeBackupPrivilege
			SeRestorePrivilege
			SeDebugPrivilege
			SeAuditPrivilege
			SeSystemEnvironmentPrivilege
			SeImpersonatePrivilege
			SeDelegateSessionUserImpersonatePrivilege"
Audit Success,04/01/2025 11:35:43,Microsoft-Windows-Security-Auditing,4624,Logon,"An account was successfully logged on.

Subject:
	Security ID:		SYSTEM
	Account Name:		DESKTOP-Q6SIUBL$
	Account Domain:		WORKGROUP
	Logon ID:		0x3E7

Logon Information:
	Logon Type:		5
	Restricted Admin Mode:	-
	Virtual Account:		No
	Elevated Token:		Yes

Impersonation Level:		Impersonation

New Logon:
	Security ID:		SYSTEM
	Account Name:		SYSTEM
	Account Domain:		NT AUTHORITY
	Logon ID:		0x3E7
	Linked Logon ID:		0x0
	Network Account Name:	-
	Network Account Domain:	-
	Logon GUID:		{00000000-0000-0000-0000-000000000000}

Process Information:
	Process ID:		0x2e8
	Process Name:		C:\Windows\System32\services.exe

Network Information:
	Workstation Name:	-
	Source Network Address:	-
	Source Port:		-

Detailed Authentication Information:
	Logon Process:		Advapi  
	Authentication Package:	Negotiate
	Transited Services:	-
	Package Name (NTLM only):	-
	Key Length:		0

This event is generated when a logon session is created. It is generated on the computer that was accessed.

The subject fields indicate the account on the local system which requested the logon. This is most commonly a service such as the Server service, or a local process such as Winlogon.exe or Services.exe.

The logon type field indicates the kind of logon that occurred. The most common types are 2 (interactive) and 3 (network).

The New Logon fields indicate the account for whom the new logon was created, i.e. the account that was logged on.

The network fields indicate where a remote logon request originated. Workstation name is not always available and may be left blank in some cases.

The impersonation level field indicates the extent to which a process in the logon session can impersonate.

The authentication information fields provide detailed information about this specific logon request.
	- Logon GUID is a unique identifier that can be used to correlate this event with a KDC event.
	- Transited services indicate which intermediate services have participated in this logon request.
	- Package name indicates which sub-protocol was used among the NTLM protocols.
	- Key length indicates the length of the generated session key. This will be 0 if no session key was requested."
Audit Success,04/01/2025 11:35:43,Microsoft-Windows-Security-Auditing,4672,Special Logon,"Special privileges assigned to new logon.

Subject:
	Security ID:		SYSTEM
	Account Name:		SYSTEM
	Account Domain:		NT AUTHORITY
	Logon ID:		0x3E7

Privileges:		SeAssignPrimaryTokenPrivilege
			SeTcbPrivilege
			SeSecurityPrivilege
			SeTakeOwnershipPrivilege
			SeLoadDriverPrivilege
			SeBackupPrivilege
			SeRestorePrivilege
			SeDebugPrivilege
			SeAuditPrivilege
			SeSystemEnvironmentPrivilege
			SeImpersonatePrivilege
			SeDelegateSessionUserImpersonatePrivilege"
Audit Success,04/01/2025 11:35:43,Microsoft-Windows-Security-Auditing,4624,Logon,"An account was successfully logged on.

Subject:
	Security ID:		SYSTEM
	Account Name:		DESKTOP-Q6SIUBL$
	Account Domain:		WORKGROUP
	Logon ID:		0x3E7

Logon Information:
	Logon Type:		5
	Restricted Admin Mode:	-
	Virtual Account:		No
	Elevated Token:		Yes

Impersonation Level:		Impersonation

New Logon:
	Security ID:		SYSTEM
	Account Name:		SYSTEM
	Account Domain:		NT AUTHORITY
	Logon ID:		0x3E7
	Linked Logon ID:		0x0
	Network Account Name:	-
	Network Account Domain:	-
	Logon GUID:		{00000000-0000-0000-0000-000000000000}

Process Information:
	Process ID:		0x2e8
	Process Name:		C:\Windows\System32\services.exe

Network Information:
	Workstation Name:	-
	Source Network Address:	-
	Source Port:		-

Detailed Authentication Information:
	Logon Process:		Advapi  
	Authentication Package:	Negotiate
	Transited Services:	-
	Package Name (NTLM only):	-
	Key Length:		0

This event is generated when a logon session is created. It is generated on the computer that was accessed.

The subject fields indicate the account on the local system which requested the logon. This is most commonly a service such as the Server service, or a local process such as Winlogon.exe or Services.exe.

The logon type field indicates the kind of logon that occurred. The most common types are 2 (interactive) and 3 (network).

The New Logon fields indicate the account for whom the new logon was created, i.e. the account that was logged on.

The network fields indicate where a remote logon request originated. Workstation name is not always available and may be left blank in some cases.

The impersonation level field indicates the extent to which a process in the logon session can impersonate.

The authentication information fields provide detailed information about this specific logon request.
	- Logon GUID is a unique identifier that can be used to correlate this event with a KDC event.
	- Transited services indicate which intermediate services have participated in this logon request.
	- Package name indicates which sub-protocol was used among the NTLM protocols.
	- Key length indicates the length of the generated session key. This will be 0 if no session key was requested."
Audit Success,04/01/2025 11:30:55,Microsoft-Windows-Security-Auditing,4672,Special Logon,"Special privileges assigned to new logon.

Subject:
	Security ID:		SYSTEM
	Account Name:		SYSTEM
	Account Domain:		NT AUTHORITY
	Logon ID:		0x3E7

Privileges:		SeAssignPrimaryTokenPrivilege
			SeTcbPrivilege
			SeSecurityPrivilege
			SeTakeOwnershipPrivilege
			SeLoadDriverPrivilege
			SeBackupPrivilege
			SeRestorePrivilege
			SeDebugPrivilege
			SeAuditPrivilege
			SeSystemEnvironmentPrivilege
			SeImpersonatePrivilege
			SeDelegateSessionUserImpersonatePrivilege"
Audit Success,04/01/2025 11:30:55,Microsoft-Windows-Security-Auditing,4624,Logon,"An account was successfully logged on.

Subject:
	Security ID:		SYSTEM
	Account Name:		DESKTOP-Q6SIUBL$
	Account Domain:		WORKGROUP
	Logon ID:		0x3E7

Logon Information:
	Logon Type:		5
	Restricted Admin Mode:	-
	Virtual Account:		No
	Elevated Token:		Yes

Impersonation Level:		Impersonation

New Logon:
	Security ID:		SYSTEM
	Account Name:		SYSTEM
	Account Domain:		NT AUTHORITY
	Logon ID:		0x3E7
	Linked Logon ID:		0x0
	Network Account Name:	-
	Network Account Domain:	-
	Logon GUID:		{00000000-0000-0000-0000-000000000000}

Process Information:
	Process ID:		0x2e8
	Process Name:		C:\Windows\System32\services.exe

Network Information:
	Workstation Name:	-
	Source Network Address:	-
	Source Port:		-

Detailed Authentication Information:
	Logon Process:		Advapi  
	Authentication Package:	Negotiate
	Transited Services:	-
	Package Name (NTLM only):	-
	Key Length:		0

This event is generated when a logon session is created. It is generated on the computer that was accessed.

The subject fields indicate the account on the local system which requested the logon. This is most commonly a service such as the Server service, or a local process such as Winlogon.exe or Services.exe.

The logon type field indicates the kind of logon that occurred. The most common types are 2 (interactive) and 3 (network).

The New Logon fields indicate the account for whom the new logon was created, i.e. the account that was logged on.

The network fields indicate where a remote logon request originated. Workstation name is not always available and may be left blank in some cases.

The impersonation level field indicates the extent to which a process in the logon session can impersonate.

The authentication information fields provide detailed information about this specific logon request.
	- Logon GUID is a unique identifier that can be used to correlate this event with a KDC event.
	- Transited services indicate which intermediate services have participated in this logon request.
	- Package name indicates which sub-protocol was used among the NTLM protocols.
	- Key length indicates the length of the generated session key. This will be 0 if no session key was requested."
Audit Success,04/01/2025 11:27:55,Microsoft-Windows-Security-Auditing,4672,Special Logon,"Special privileges assigned to new logon.

Subject:
	Security ID:		SYSTEM
	Account Name:		SYSTEM
	Account Domain:		NT AUTHORITY
	Logon ID:		0x3E7

Privileges:		SeAssignPrimaryTokenPrivilege
			SeTcbPrivilege
			SeSecurityPrivilege
			SeTakeOwnershipPrivilege
			SeLoadDriverPrivilege
			SeBackupPrivilege
			SeRestorePrivilege
			SeDebugPrivilege
			SeAuditPrivilege
			SeSystemEnvironmentPrivilege
			SeImpersonatePrivilege
			SeDelegateSessionUserImpersonatePrivilege"
Audit Success,04/01/2025 11:27:55,Microsoft-Windows-Security-Auditing,4624,Logon,"An account was successfully logged on.

Subject:
	Security ID:		SYSTEM
	Account Name:		DESKTOP-Q6SIUBL$
	Account Domain:		WORKGROUP
	Logon ID:		0x3E7

Logon Information:
	Logon Type:		5
	Restricted Admin Mode:	-
	Virtual Account:		No
	Elevated Token:		Yes

Impersonation Level:		Impersonation

New Logon:
	Security ID:		SYSTEM
	Account Name:		SYSTEM
	Account Domain:		NT AUTHORITY
	Logon ID:		0x3E7
	Linked Logon ID:		0x0
	Network Account Name:	-
	Network Account Domain:	-
	Logon GUID:		{00000000-0000-0000-0000-000000000000}

Process Information:
	Process ID:		0x2e8
	Process Name:		C:\Windows\System32\services.exe

Network Information:
	Workstation Name:	-
	Source Network Address:	-
	Source Port:		-

Detailed Authentication Information:
	Logon Process:		Advapi  
	Authentication Package:	Negotiate
	Transited Services:	-
	Package Name (NTLM only):	-
	Key Length:		0

This event is generated when a logon session is created. It is generated on the computer that was accessed.

The subject fields indicate the account on the local system which requested the logon. This is most commonly a service such as the Server service, or a local process such as Winlogon.exe or Services.exe.

The logon type field indicates the kind of logon that occurred. The most common types are 2 (interactive) and 3 (network).

The New Logon fields indicate the account for whom the new logon was created, i.e. the account that was logged on.

The network fields indicate where a remote logon request originated. Workstation name is not always available and may be left blank in some cases.

The impersonation level field indicates the extent to which a process in the logon session can impersonate.

The authentication information fields provide detailed information about this specific logon request.
	- Logon GUID is a unique identifier that can be used to correlate this event with a KDC event.
	- Transited services indicate which intermediate services have participated in this logon request.
	- Package name indicates which sub-protocol was used among the NTLM protocols.
	- Key length indicates the length of the generated session key. This will be 0 if no session key was requested."
Audit Success,04/01/2025 11:24:02,Microsoft-Windows-Security-Auditing,4672,Special Logon,"Special privileges assigned to new logon.

Subject:
	Security ID:		SYSTEM
	Account Name:		SYSTEM
	Account Domain:		NT AUTHORITY
	Logon ID:		0x3E7

Privileges:		SeAssignPrimaryTokenPrivilege
			SeTcbPrivilege
			SeSecurityPrivilege
			SeTakeOwnershipPrivilege
			SeLoadDriverPrivilege
			SeBackupPrivilege
			SeRestorePrivilege
			SeDebugPrivilege
			SeAuditPrivilege
			SeSystemEnvironmentPrivilege
			SeImpersonatePrivilege
			SeDelegateSessionUserImpersonatePrivilege"
Audit Success,04/01/2025 11:24:02,Microsoft-Windows-Security-Auditing,4624,Logon,"An account was successfully logged on.

Subject:
	Security ID:		SYSTEM
	Account Name:		DESKTOP-Q6SIUBL$
	Account Domain:		WORKGROUP
	Logon ID:		0x3E7

Logon Information:
	Logon Type:		5
	Restricted Admin Mode:	-
	Virtual Account:		No
	Elevated Token:		Yes

Impersonation Level:		Impersonation

New Logon:
	Security ID:		SYSTEM
	Account Name:		SYSTEM
	Account Domain:		NT AUTHORITY
	Logon ID:		0x3E7
	Linked Logon ID:		0x0
	Network Account Name:	-
	Network Account Domain:	-
	Logon GUID:		{00000000-0000-0000-0000-000000000000}

Process Information:
	Process ID:		0x2e8
	Process Name:		C:\Windows\System32\services.exe

Network Information:
	Workstation Name:	-
	Source Network Address:	-
	Source Port:		-

Detailed Authentication Information:
	Logon Process:		Advapi  
	Authentication Package:	Negotiate
	Transited Services:	-
	Package Name (NTLM only):	-
	Key Length:		0

This event is generated when a logon session is created. It is generated on the computer that was accessed.

The subject fields indicate the account on the local system which requested the logon. This is most commonly a service such as the Server service, or a local process such as Winlogon.exe or Services.exe.

The logon type field indicates the kind of logon that occurred. The most common types are 2 (interactive) and 3 (network).

The New Logon fields indicate the account for whom the new logon was created, i.e. the account that was logged on.

The network fields indicate where a remote logon request originated. Workstation name is not always available and may be left blank in some cases.

The impersonation level field indicates the extent to which a process in the logon session can impersonate.

The authentication information fields provide detailed information about this specific logon request.
	- Logon GUID is a unique identifier that can be used to correlate this event with a KDC event.
	- Transited services indicate which intermediate services have participated in this logon request.
	- Package name indicates which sub-protocol was used among the NTLM protocols.
	- Key length indicates the length of the generated session key. This will be 0 if no session key was requested."
Audit Success,04/01/2025 11:20:35,Microsoft-Windows-Security-Auditing,5379,User Account Management,"Credential Manager credentials were read.

Subject:
	Security ID:		DESKTOP-Q6SIUBL\xxx
	Account Name:		xxx
	Account Domain:		DESKTOP-Q6SIUBL
	Logon ID:		0x903262
	Read Operation:		Read Credential

This event occurs when a user performs a read operation on stored credentials in Credential Manager."
Audit Success,04/01/2025 11:17:01,Microsoft-Windows-Security-Auditing,5379,User Account Management,"Credential Manager credentials were read.

Subject:
	Security ID:		DESKTOP-Q6SIUBL\xxx
	Account Name:		xxx
	Account Domain:		DESKTOP-Q6SIUBL
	Logon ID:		0x903262
	Read Operation:		Enumerate Credentials

This event occurs when a user performs a read operation on stored credentials in Credential Manager."
Audit Success,04/01/2025 11:17:01,Microsoft-Windows-Security-Auditing,5379,User Account Management,"Credential Manager credentials were read.

Subject:
	Security ID:		DESKTOP-Q6SIUBL\xxx
	Account Name:		xxx
	Account Domain:		DESKTOP-Q6SIUBL
	Logon ID:		0x903262
	Read Operation:		Enumerate Credentials

This event occurs when a user performs a read operation on stored credentials in Credential Manager."
Audit Success,04/01/2025 11:17:01,Microsoft-Windows-Security-Auditing,5379,User Account Management,"Credential Manager credentials were read.

Subject:
	Security ID:		DESKTOP-Q6SIUBL\xxx
	Account Name:		xxx
	Account Domain:		DESKTOP-Q6SIUBL
	Logon ID:		0x903262
	Read Operation:		Enumerate Credentials

This event occurs when a user performs a read operation on stored credentials in Credential Manager."
Audit Success,04/01/2025 11:17:01,Microsoft-Windows-Security-Auditing,5379,User Account Management,"Credential Manager credentials were read.

Subject:
	Security ID:		DESKTOP-Q6SIUBL\xxx
	Account Name:		xxx
	Account Domain:		DESKTOP-Q6SIUBL
	Logon ID:		0x903262
	Read Operation:		Enumerate Credentials

This event occurs when a user performs a read operation on stored credentials in Credential Manager."
Audit Success,04/01/2025 11:17:00,Microsoft-Windows-Security-Auditing,5379,User Account Management,"Credential Manager credentials were read.

Subject:
	Security ID:		DESKTOP-Q6SIUBL\xxx
	Account Name:		xxx
	Account Domain:		DESKTOP-Q6SIUBL
	Logon ID:		0x903262
	Read Operation:		Enumerate Credentials

This event occurs when a user performs a read operation on stored credentials in Credential Manager."
Audit Success,04/01/2025 11:17:00,Microsoft-Windows-Security-Auditing,5379,User Account Management,"Credential Manager credentials were read.

Subject:
	Security ID:		DESKTOP-Q6SIUBL\xxx
	Account Name:		xxx
	Account Domain:		DESKTOP-Q6SIUBL
	Logon ID:		0x903262
	Read Operation:		Enumerate Credentials

This event occurs when a user performs a read operation on stored credentials in Credential Manager."
Audit Success,04/01/2025 11:17:00,Microsoft-Windows-Security-Auditing,5379,User Account Management,"Credential Manager credentials were read.

Subject:
	Security ID:		DESKTOP-Q6SIUBL\xxx
	Account Name:		xxx
	Account Domain:		DESKTOP-Q6SIUBL
	Logon ID:		0x903262
	Read Operation:		Enumerate Credentials

This event occurs when a user performs a read operation on stored credentials in Credential Manager."
Audit Success,04/01/2025 11:17:00,Microsoft-Windows-Security-Auditing,5379,User Account Management,"Credential Manager credentials were read.

Subject:
	Security ID:		DESKTOP-Q6SIUBL\xxx
	Account Name:		xxx
	Account Domain:		DESKTOP-Q6SIUBL
	Logon ID:		0x903262
	Read Operation:		Enumerate Credentials

This event occurs when a user performs a read operation on stored credentials in Credential Manager."
Audit Success,04/01/2025 11:17:00,Microsoft-Windows-Security-Auditing,5379,User Account Management,"Credential Manager credentials were read.

Subject:
	Security ID:		DESKTOP-Q6SIUBL\xxx
	Account Name:		xxx
	Account Domain:		DESKTOP-Q6SIUBL
	Logon ID:		0x903262
	Read Operation:		Enumerate Credentials

This event occurs when a user performs a read operation on stored credentials in Credential Manager."
Audit Success,04/01/2025 11:17:00,Microsoft-Windows-Security-Auditing,5379,User Account Management,"Credential Manager credentials were read.

Subject:
	Security ID:		DESKTOP-Q6SIUBL\xxx
	Account Name:		xxx
	Account Domain:		DESKTOP-Q6SIUBL
	Logon ID:		0x903262
	Read Operation:		Enumerate Credentials

This event occurs when a user performs a read operation on stored credentials in Credential Manager."
Audit Success,04/01/2025 11:17:00,Microsoft-Windows-Security-Auditing,5379,User Account Management,"Credential Manager credentials were read.

Subject:
	Security ID:		SYSTEM
	Account Name:		DESKTOP-Q6SIUBL$
	Account Domain:		WORKGROUP
	Logon ID:		0x3E7
	Read Operation:		Enumerate Credentials

This event occurs when a user performs a read operation on stored credentials in Credential Manager."
Audit Success,04/01/2025 11:17:00,Microsoft-Windows-Security-Auditing,5379,User Account Management,"Credential Manager credentials were read.

Subject:
	Security ID:		SYSTEM
	Account Name:		DESKTOP-Q6SIUBL$
	Account Domain:		WORKGROUP
	Logon ID:		0x3E7
	Read Operation:		Enumerate Credentials

This event occurs when a user performs a read operation on stored credentials in Credential Manager."
Audit Success,04/01/2025 11:17:00,Microsoft-Windows-Security-Auditing,5379,User Account Management,"Credential Manager credentials were read.

Subject:
	Security ID:		SYSTEM
	Account Name:		DESKTOP-Q6SIUBL$
	Account Domain:		WORKGROUP
	Logon ID:		0x3E7
	Read Operation:		Enumerate Credentials

This event occurs when a user performs a read operation on stored credentials in Credential Manager."
Audit Success,04/01/2025 11:17:00,Microsoft-Windows-Security-Auditing,4672,Special Logon,"Special privileges assigned to new logon.

Subject:
	Security ID:		SYSTEM
	Account Name:		SYSTEM
	Account Domain:		NT AUTHORITY
	Logon ID:		0x3E7

Privileges:		SeAssignPrimaryTokenPrivilege
			SeTcbPrivilege
			SeSecurityPrivilege
			SeTakeOwnershipPrivilege
			SeLoadDriverPrivilege
			SeBackupPrivilege
			SeRestorePrivilege
			SeDebugPrivilege
			SeAuditPrivilege
			SeSystemEnvironmentPrivilege
			SeImpersonatePrivilege
			SeDelegateSessionUserImpersonatePrivilege"
Audit Success,04/01/2025 11:17:00,Microsoft-Windows-Security-Auditing,4624,Logon,"An account was successfully logged on.

Subject:
	Security ID:		SYSTEM
	Account Name:		DESKTOP-Q6SIUBL$
	Account Domain:		WORKGROUP
	Logon ID:		0x3E7

Logon Information:
	Logon Type:		5
	Restricted Admin Mode:	-
	Virtual Account:		No
	Elevated Token:		Yes

Impersonation Level:		Impersonation

New Logon:
	Security ID:		SYSTEM
	Account Name:		SYSTEM
	Account Domain:		NT AUTHORITY
	Logon ID:		0x3E7
	Linked Logon ID:		0x0
	Network Account Name:	-
	Network Account Domain:	-
	Logon GUID:		{00000000-0000-0000-0000-000000000000}

Process Information:
	Process ID:		0x2e8
	Process Name:		C:\Windows\System32\services.exe

Network Information:
	Workstation Name:	-
	Source Network Address:	-
	Source Port:		-

Detailed Authentication Information:
	Logon Process:		Advapi  
	Authentication Package:	Negotiate
	Transited Services:	-
	Package Name (NTLM only):	-
	Key Length:		0

This event is generated when a logon session is created. It is generated on the computer that was accessed.

The subject fields indicate the account on the local system which requested the logon. This is most commonly a service such as the Server service, or a local process such as Winlogon.exe or Services.exe.

The logon type field indicates the kind of logon that occurred. The most common types are 2 (interactive) and 3 (network).

The New Logon fields indicate the account for whom the new logon was created, i.e. the account that was logged on.

The network fields indicate where a remote logon request originated. Workstation name is not always available and may be left blank in some cases.

The impersonation level field indicates the extent to which a process in the logon session can impersonate.

The authentication information fields provide detailed information about this specific logon request.
	- Logon GUID is a unique identifier that can be used to correlate this event with a KDC event.
	- Transited services indicate which intermediate services have participated in this logon request.
	- Package name indicates which sub-protocol was used among the NTLM protocols.
	- Key length indicates the length of the generated session key. This will be 0 if no session key was requested."
Audit Success,04/01/2025 11:17:00,Microsoft-Windows-Security-Auditing,4672,Special Logon,"Special privileges assigned to new logon.

Subject:
	Security ID:		SYSTEM
	Account Name:		SYSTEM
	Account Domain:		NT AUTHORITY
	Logon ID:		0x3E7

Privileges:		SeAssignPrimaryTokenPrivilege
			SeTcbPrivilege
			SeSecurityPrivilege
			SeTakeOwnershipPrivilege
			SeLoadDriverPrivilege
			SeBackupPrivilege
			SeRestorePrivilege
			SeDebugPrivilege
			SeAuditPrivilege
			SeSystemEnvironmentPrivilege
			SeImpersonatePrivilege
			SeDelegateSessionUserImpersonatePrivilege"
Audit Success,04/01/2025 11:17:00,Microsoft-Windows-Security-Auditing,4624,Logon,"An account was successfully logged on.

Subject:
	Security ID:		SYSTEM
	Account Name:		DESKTOP-Q6SIUBL$
	Account Domain:		WORKGROUP
	Logon ID:		0x3E7

Logon Information:
	Logon Type:		5
	Restricted Admin Mode:	-
	Virtual Account:		No
	Elevated Token:		Yes

Impersonation Level:		Impersonation

New Logon:
	Security ID:		SYSTEM
	Account Name:		SYSTEM
	Account Domain:		NT AUTHORITY
	Logon ID:		0x3E7
	Linked Logon ID:		0x0
	Network Account Name:	-
	Network Account Domain:	-
	Logon GUID:		{00000000-0000-0000-0000-000000000000}

Process Information:
	Process ID:		0x2e8
	Process Name:		C:\Windows\System32\services.exe

Network Information:
	Workstation Name:	-
	Source Network Address:	-
	Source Port:		-

Detailed Authentication Information:
	Logon Process:		Advapi  
	Authentication Package:	Negotiate
	Transited Services:	-
	Package Name (NTLM only):	-
	Key Length:		0

This event is generated when a logon session is created. It is generated on the computer that was accessed.

The subject fields indicate the account on the local system which requested the logon. This is most commonly a service such as the Server service, or a local process such as Winlogon.exe or Services.exe.

The logon type field indicates the kind of logon that occurred. The most common types are 2 (interactive) and 3 (network).

The New Logon fields indicate the account for whom the new logon was created, i.e. the account that was logged on.

The network fields indicate where a remote logon request originated. Workstation name is not always available and may be left blank in some cases.

The impersonation level field indicates the extent to which a process in the logon session can impersonate.

The authentication information fields provide detailed information about this specific logon request.
	- Logon GUID is a unique identifier that can be used to correlate this event with a KDC event.
	- Transited services indicate which intermediate services have participated in this logon request.
	- Package name indicates which sub-protocol was used among the NTLM protocols.
	- Key length indicates the length of the generated session key. This will be 0 if no session key was requested."
